job title,job link,job location,salary,skills required,company name
Data Scientists Team Lead,https://wuzzuf.net/jobs/p/0g7i551BjSzq-Data-Scientists-Team-Lead-Smart-Vision-Technologies-Cairo-Egypt,"Sheraton, Cairo, Egypt ","Confidential, Competitive salary and benefits package.","['Data Science', 'Data Analysis', 'Analytics', 'Computer Science', 'Information Technology (IT)', 'SQL', 'Agile']",Smart Vision Technologies
Data Analyst Lead / Manager,https://wuzzuf.net/jobs/p/Z2oRrb24292t-Data-Analyst-Lead-Manager-WUZZUF-Cairo-Egypt,"Maadi, Cairo, Egypt ",Confidential,"['Analysis', 'business', 'Computer Engineering', 'Computer Science', 'Data Analysis', 'Engineering', 'Microsoft Excel', 'Python', 'SQL', 'Data', 'Statistical Analysis', 'Statistics', 'Business Analysis', 'Tableau', 'Power BI', 'Data visualization', 'Mathematics']",WUZZUF
Data Analyst,https://wuzzuf.net/jobs/p/wbK72hYhmTCd-Data-Analyst-United-Group-Steel-Sharqia-Egypt,"10th of Ramadan City, Sharqia, Egypt ",Confidential,"['Data Entry', 'Financial Data Analysis', 'Data Analysis', 'Microsoft Excel', 'Financial Accounting', 'Business Analysis', 'Analysis', 'Analyst', 'analytical', 'business', 'Computer Science', 'Data', 'Data Analyst', 'Economics', 'Information Technology (IT)', 'SQL', 'Statistics']",United Group Steel
Data scientist/Statistician,https://wuzzuf.net/jobs/p/TU7iwLbeRqBU-Data-scientistStatistician-COB-Solution-Cairo-Egypt,"Maadi, Cairo, Egypt ",Confidential,"['Algorithms', 'Computer Science', 'Data', 'Data Mining', 'Data Science', 'Machine Learning', 'Mathematics', 'Statistics', 'Information Technology (IT)']",COB Solution
Senior Data Modeler (Banking Experience Required),https://wuzzuf.net/jobs/p/oLYTmxxTsn8Y-Senior-Data-Modeler-Banking-Experience-Required-BBI-Consultancy-Cairo-Egypt,"Maadi, Cairo, Egypt ",Confidential,"['Computer Science', 'Database', 'Engineering', 'Python', 'SQL', 'Programming', 'Data Warehousing', 'Data Modeling', 'analytical', 'data models', 'Modeling', 'Data Engineering', 'Mysql Database', 'Cloudera', 'Database SQL Server']",BBI
Data Center Design Leader,https://wuzzuf.net/jobs/p/Z39qPIld9lfd-Data-Center-Design-Leader-Mobi-Egypt-Cairo-Egypt,"Cairo, Egypt ",Confidential,"['Design', 'Data center', 'Information Technology (IT)', 'Computer Science', 'Engineering', 'CDCDP certification', 'DCCA certification', 'Uptime Institute Certified', 'Data Center design', 'Data Center construction', 'Data Center operations and maintenance', 'CDCDP', 'DCCA', 'Uptime Certified']",Mobi Egypt
Automation and Data Integration Manager,https://wuzzuf.net/jobs/p/Zp4EPITtZocr-Automation-and-Data-Integration-Manager-BariQ-Giza-Egypt,"6th of October, Giza, Egypt ",Confidential,"['Computer Science', 'Data Management', 'Data Integration', 'Integration', 'SQL', 'Data Modeling', 'Oracle', 'BI Tools', 'Tableau', 'Power BI', 'Dundas Bi', 'CRM Administration', 'SCADA Systems', 'AVEVA', 'SAP', 'Odoo', 'Dashboards', 'PLC Optimization']",BariQ
"Data Analyst -Internship ""Alexandria""",https://wuzzuf.net/internship/eJ5MCTLO1OfU-Data-Analyst--Internship-Alexandria-Egyptian-Abrasives-Co-Alexandria-Egypt,"Alexandria, Egypt ",Confidential,"['Analysis', 'Data Analysis', 'Information Technology (IT)', 'Computer Science', 'Training', 'Communication']",Egyptian Abrasives Co.
Data Engineer,https://wuzzuf.net/jobs/p/qNomjSPCqDVm-Data-Engineer-Coformatique-Cairo-Egypt,"Cairo, Egypt ",Confidential,"['Spark', 'kafka', 'Hive', 'Computer Engineering', 'Computer Science', 'Data Modeling', 'Information Technology (IT)', 'Programming', 'SQL', 'Python', 'Troubleshooting', 'Engineering', 'Data']",Coformatique
Data Management Lead,https://wuzzuf.net/jobs/p/8l0tQm7tFrTf-Data-Management-Lead-REI-Call-Center-Alexandria-Egypt,"Alexandria, Egypt ",Confidential,"['Data Management', 'Real Estate', 'Information Technology (IT)', 'Data', 'Automation', 'Visualization', 'Database SQL Server', 'Management', 'Computer Science', 'Communication']",REI Call Center
Data Analyst,https://wuzzuf.net/jobs/p/CwBcPiNouivj-Data-Analyst-Selah-ElTelmeez-For-Publishing-printing-Cairo-Egypt,"Obour City, Cairo, Egypt ",Confidential,"['Analysis', 'analytical', 'business', 'Computer Science', 'Data Analyst', 'Reporting', 'Statistics', 'Analyst', 'Information Technology (IT)']",Selah ElTelmeez For Publishing & printing
Senior Data Engineer,https://wuzzuf.net/jobs/p/4Zf6wFHvvzze-Senior-Data-Engineer-Paymob-Solutions-Cairo-Egypt,"Maadi, Cairo, Egypt ",Confidential,"['Engineering', 'Python', 'SQL', 'Database', 'Pandas', 'Computer Science', 'Programming', 'Software Development']",Paymob Solutions
AI Data Science and Machine Learning Instructor,https://wuzzuf.net/jobs/p/z0CoEumbENY6-AI-Data-Science-and-Machine-Learning-Instructor-CLS-Learning-Solutions-Giza-Egypt,"Dokki, Giza, Egypt ",Confidential,"['Machine Learning', 'AI', 'Deep Learning', 'Data Science', 'Python', 'Natural Language Processing', 'Neural Networks', 'Training', 'Teaching']",CLS Learning Solutions
Data Analyst,https://wuzzuf.net/jobs/p/d08tp08z8vjc-Data-Analyst-Kasrawy-Group-Giza-Egypt,"Abu Rawash, Giza, Egypt ","Confidential, Monthly incentive  - Profit Share","['Communication', 'Communication skills', 'Analysis', 'Computer Science', 'Economics', 'Data Analysis', 'English', 'Information Technology (IT)']",Kasrawy Group
Data Annotation Team Lead,https://wuzzuf.net/jobs/p/A5qTdwlu96Gb-Data-Annotation-Team-Lead-Eg-Insurtech-Cairo-Egypt,"Cairo, Egypt ",Confidential,"['Computer Science', 'data labeling', 'English', 'Skills', 'Software Engineering', '#data', 'Artificial Intelligence']",Eg Insurtech
Senior Data Analyst,https://wuzzuf.net/jobs/p/l2HsysPBSUnM-Senior-Data-Analyst-Al-Ahly-capital-holding---Al-Ahly-Tamkeen-Cairo-Egypt,"Zamalek, Cairo, Egypt ",Confidential,"['Analysis', 'BI', 'Computer Science', 'Data', 'analytical', 'Information Technology (IT)', 'Reporting', 'Python', 'Statistics', 'SQL', 'Economics', 'Data Analysis']",Al Ahly capital holding
Data Analyst,https://wuzzuf.net/jobs/p/sbfNVsAYhQVm-Data-Analyst-Lecico-Egypt-Alexandria-Egypt,"Alexandria, Egypt ",Confidential,"['Analyst', 'Data Analysis', 'Information Technology (IT)', 'Science', 'English', 'Data Analyst', 'Computer Science', 'Analysis', 'Data']",Lecico Egypt
Senior Data Analyst,https://wuzzuf.net/jobs/p/pDuDzSwwSi9g-Senior-Data-Analyst-Goldentex-Sharqia-Egypt,"10th of Ramadan City, Sharqia, Egypt ",Confidential,"['BI', 'Analysis', 'Computer Science', 'Data Analysis', 'Engineering', 'Information Technology (IT)', 'Power BI', 'SQL', 'English', 'Data Analyst']",Goldentex
Data Analyst,https://wuzzuf.net/jobs/p/BzOoVQ8CU4Zp-Data-Analyst-Carina-Wear-Cairo-Egypt,"New Cairo, Cairo, Egypt ",Confidential,"['Data Analysis', 'Microsoft Power BI', 'business', 'Analysis', 'Computer Science', 'Big Data Analytics', 'Power BI', 'Visualization', 'SQL', 'Python', 'Data Warehousing', 'Data Warehouse', 'ETL Tools', 'ETL', 'DAX']",Carina Wear
Data Analyst,https://wuzzuf.net/jobs/p/L0E2Pq7S2bqQ-Data-Analyst-Options-Cairo-Egypt,"Cairo, Egypt ",16000 to 20000 EGP Per Month,"['Analysis', 'Analyst', 'Computer Science', 'Python', 'SQL', 'AWS', 'Information Technology (IT)', 'Data Analyst', 'Data Analysis', 'Marketing']",Options
BI Data Analyst,https://wuzzuf.net/jobs/p/y4g4QcDGxdQh-BI-Data-Analyst-Cairo-Egypt,"Nasr City, Cairo, Egypt ","Confidential, Competitive salary.
Comprehensive health, dental, and vision insurance.
Professional development opportunities and ongoing training.
Paid time off and holiday leave.","['Analysis', 'BI Analyst', 'Data Analyst', 'excel', 'Power BI', 'Python', 'Data Analysis', 'Information Technology (IT)', 'Computer Science', 'BI']",Confidential
Data Analyst,https://wuzzuf.net/jobs/p/JzwfRgWZxmHL-Data-Analyst-EGEC-Giza-Egypt,"Haram, Giza, Egypt ",Confidential,"['analytical', 'Analysis', 'Computer Science', 'Reporting', 'Data Analysis', 'Communication skills']",EGEC
Data Quality Analyst,https://wuzzuf.net/jobs/p/Xf9v8OKDhUnC-Data-Quality-Analyst-The-Address-Investments-for-Real-Estate-Consultancy-Cairo-Egypt,"New Cairo, Cairo, Egypt ",Confidential,"['Analysis', 'Analyst', 'Computer Science', 'Data', 'Data Analysis', 'data quality', 'Information Technology (IT)', 'Quality analyst', 'quality', 'Administration', 'business', 'Business Administration', 'Communication', 'Marketing', 'Microsoft Office', 'Real Estate', 'Research']",The Address Investments for Real Estate Consultancy
Data Collector,https://wuzzuf.net/jobs/p/Z40rIR9Q2TXQ-Data-Collector-Antolino-Impex-Trade-Cairo-Egypt,"New Cairo, Cairo, Egypt ",10000 to 15000 EGP Per Month,"['Data Collection', 'data collector', 'Raw Materials', 'Outdoor Sales', 'Sales Field']",Antolino Impex Trade
Data Scientist,https://wuzzuf.net/jobs/p/ADYmYAIdfprB-Data-Scientist-BBI-Consultancy-Cairo-Egypt,"Nasr City, Cairo, Egypt ",Confidential,"['Computer Science', 'Data Analytics', 'Data Science', 'Data', 'data scientist', 'Information Technology (IT)', 'Mathematics', 'Science', 'Python', 'Artificial Intelligence', 'AI', 'Dataiku', 'Scripting']",BBI
Data Scientist,https://wuzzuf.net/jobs/p/A1R0nwGwUvSB-Data-Scientist-Wakeb-Data-Giza-Egypt,"Mohandessin, Giza, Egypt ","Confidential, Medical Insurance","['Computer Science', 'data scientist', 'Python']",Wakeb Data
Senior SQL Database Developer,https://wuzzuf.net/jobs/p/CQWOE9E8KDSY-Senior-SQL-Database-Developer-Al-Ateeq-Software-Cairo-Egypt,"New Heliopolis, Cairo, Egypt ",Confidential,"['Computer Science', 'Information Technology (IT)', 'Database Development', 'SQL Server', 'Database', 'Software Development', 'Oracle', 'Microsoft SQL Server', 'Development', 'SQL']",Al Ateeq Software
Data Entry,https://wuzzuf.net/jobs/p/jFZYPjpViHVs-Data-Entry-Data-Science-Giza-Egypt,"Hadayek October, Giza, Egypt ",Confidential,"['Data Entry', 'Administration', 'Data', 'Database', 'excel', 'typing skills', 'Typing', 'Accounting', 'business', 'Microsoft Office']",Data Science
Oracle Database Administrator,https://wuzzuf.net/jobs/p/V63jyOgd85vl-Oracle-Database-Administrator-Al-Ahly-Momkn-for-e-payment-Cairo-Egypt,"Maadi, Cairo, Egypt ",Confidential,"['Database Administrator', 'PL/SQL', 'Administration', 'Architecture', 'Backup', 'Computer Science', 'Database', 'Information Technology (IT)', 'Oracle', 'RMAN', 'SQL', 'PL']",Al Ahly Momkn for e
Data Analyst,https://wuzzuf.net/jobs/p/YIXR0gEBWgoV-Data-Analyst-Ashtar-Tech-Cairo-Egypt,"New Capital, Cairo, Egypt ",Confidential,"['Analysis', 'Analyst', 'Computer Science', 'Data', 'Data Analysis', 'Data Analyst', 'Information Technology (IT)']",Ashtar Tech
Database Administrator,https://wuzzuf.net/jobs/p/JncYVbkmZVc5-Database-Administrator-Cairo-Egypt,"Cairo, Egypt ",Confidential,"['PostgreSQL', 'Performance Tuning', 'Database Administrator', 'Database', 'Computer Science', 'Database Design', 'Design', 'Information Technology (IT)', 'Maintenance', 'Oracle', 'RAC', 'SQL', 'SQL Server', 'Troubleshooting']",Confidential
Senior Database Admin (SQL),https://wuzzuf.net/jobs/p/YSLC5FDwruu8-Senior-Database-Admin-SQL-BI-Technologies-Cairo-Egypt,"New Cairo, Cairo, Egypt ","Confidential, Transportation, Medical Insurance, Social Insurance, Life Insurance, Retirement Plan And Profit Share","['Database Administrator', 'Information Technology (IT)', 'Computer Science', 'Database', 'SQL', 'backend', 'API', 'Backup', 'DBA', 'Programming', 'Security', 'Software Development']",BI
Oracle Database Administrator,https://wuzzuf.net/jobs/p/EIIuEhE34AGU-Oracle-Database-Administrator-Egabi-FSI-Cairo-Egypt,"Sheraton, Cairo, Egypt ",Confidential,"['Administration', 'Computer Science', 'database administration', 'Database', 'Information Technology (IT)', 'Oracle', 'OCP', 'OCA', 'Oracle Database', 'Oracle Database Administration', 'RAC', 'SQL', 'Weblogic', 'Weblogic Server', 'Banking']",Egabi FSI
Database Administrator,https://wuzzuf.net/jobs/p/2LD3tbVkUAkJ-Database-Administrator-Alexandria-Business-Association--SMEs-Project-Alexandria-Egypt,"Alexandria, Egypt ",Confidential,"['Computer Science', 'Database', 'Database Administrator', 'Information Technology (IT)', 'Oracle', 'SQL', 'Administrator']",Alexandria Business Association
Database Developer,https://wuzzuf.net/jobs/p/JF6McJZyoZyR-Database-Developer-KazaTech-Integrated-Solutions-Cairo-Egypt,"Cairo, Egypt ",Confidential,"['Database', 'Computer Science', 'Design', 'SQL Server', 'PL/SQL', 'PL', 'Information Technology (IT)', 'SQL', 'Software Development', 'Software Engineering', 'Programming']",KazaTech Integrated Solutions
Data Scientist,https://wuzzuf.net/jobs/p/g/SmixIONPX5et-Data-Scientist-Matchable-Riyadh-Saudi-Arabia,"Riyadh, Saudi Arabia ",Confidential,"['Python', 'Computer Science', 'Information Technology (IT)', 'SQL', 'Data Science', 'Data Scientist', 'Machine Learning', 'Data Analysis', 'Java', 'MySQL', 'Software Engineering', 'Engineering', 'Software Development', 'Statistics', 'Analysis', 'Hadoop', 'NLP', 'Naive Bayes', 'Startup', 'Database']",Matchable
Junior Data Scientist (Remote),https://wuzzuf.net/jobs/p/g/vTKLnZ3pWDNr-Junior-Data-Scientist-Remote-Kreativstorm-Tabuk-Saudi-Arabia,"Tabuk, Saudi Arabia ",Confidential,"['Computer Science', 'Python', 'Information Technology (IT)', 'SQL', 'Data Science', 'Data Analysis', 'Java', 'Machine Learning', 'Data Scientist', 'Software Development', 'Analysis', 'Engineering', 'Software Engineering', 'Hadoop', 'MySQL', 'Statistics', 'Naive Bayes', 'Startup', 'Database', 'Research']",Kreativstorm
Data Analyst,https://wuzzuf.net/jobs/p/KZEzU6kSB5X0-Data-Analyst-Royal-Lab-Cairo-Egypt,"Heliopolis, Cairo, Egypt ",Confidential,"['Data Analyst', 'Information Technology (IT)', 'Analyst']",Royal Lab
Jr. Data Scientist,https://wuzzuf.net/jobs/p/g/NLNDvRIHrDfL-Jr-Data-Scientist-DXC-Technology-Dubai-United-Arab-Emirates,"Dubai, United Arab Emirates ",Confidential,"['Python', 'Computer Science', 'Information Technology (IT)', 'SQL', 'Data Science', 'Machine Learning', 'Data Scientist', 'Java', 'Data Analysis', 'Software Development', 'Engineering', 'MySQL', 'Software Engineering', 'Statistics', 'Hadoop', 'Naive Bayes', 'Startup', 'Analysis', 'Database', 'Mathematics']",DXC Technology
Remote Data Entry Position (Immediate Need),https://wuzzuf.net/jobs/p/g/GwSxnBKxb01p-Remote-Data-Entry-Position-Immediate-Need-Peknit-Legal-Management-Riyadh-Saudi-Arabia,"Riyadh, Saudi Arabia ",Confidential,"['computer science', 'information technology (it)', 'customer service', 'engineering', 'microsoft office', 'data entry', 'management', 'operations', 'software', 'communication skills', 'database', 'business']",Peknit Legal Management
Remote Data Entry Role (Part Time),https://wuzzuf.net/jobs/p/g/DR5uSuN9du2Z-Remote-Data-Entry-Role-Part-Time-Elitetownhires-Dubai-United-Arab-Emirates,"Dubai, United Arab Emirates ",Confidential,"['computer science', 'information technology (it)', 'computer engineering', 'customer service', 'microsoft office', 'data entry', 'software', 'management', 'communication skills', 'database', 'security', 'communication']",Elitetownhires
Part Time/Full Time Remote Data Entry Clerk,https://wuzzuf.net/jobs/p/g/tbH4l5mhnFPZ-Part-TimeFull-Time-Remote-Data-Entry-Clerk-Elitetownhires-Riyadh-Saudi-Arabia,"Riyadh, Saudi Arabia ",Confidential,"['computer science', 'information technology (it)', 'computer engineering', 'python', 'data entry', 'microsoft office', 'communication skills', 'social media', 'software', 'media', 'computer', 'database']",Elitetownhires
Remote Data Entry Role (Entry Level),https://wuzzuf.net/jobs/p/g/w74qKh3wimY5-Remote-Data-Entry-Role-Entry-Level-Elitetownhires-Dubai-United-Arab-Emirates,"Dubai, United Arab Emirates ",Confidential,"['computer science', 'information technology (it)', 'computer engineering', 'customer service', 'microsoft office', 'data entry', 'software', 'management', 'analysis', 'communication skills', 'database', 'security']",Elitetownhires
Data Entry-Full Time-Remote Work,https://wuzzuf.net/jobs/p/g/FgLy28OKEW2Y-Data-Entry-Full-Time-Remote-Work-Elitetownhires-Riyadh-Saudi-Arabia,"Riyadh, Saudi Arabia ",Confidential,"['information technology (it)', 'computer science', 'software development', 'computer engineering', 'microsoft office', 'data entry', 'software', 'communication skills', 'management', 'communication', 'database', 'computer']",Elitetownhires
Part-Time Remote Data Entry Position,https://wuzzuf.net/jobs/p/g/V5GActYgampr-Part-Time-Remote-Data-Entry-Position-BrightSpark-Business-Solutions-Dubai-United-Arab-Emirates,"Dubai, United Arab Emirates ",Confidential,"['information technology (it)', 'computer science', 'customer service', 'computer engineering', 'microsoft office', 'data entry', 'software', 'management', 'communication skills', 'operations', 'communication', 'database']",BrightSpark Business Solutions
Data Entry Roles Remote Work (Part-Time/Full-Time),https://wuzzuf.net/jobs/p/g/T1PpLW2PfArj-Data-Entry-Roles-Remote-Work-Part-TimeFull-Time-hiretowncity-Riyadh-Saudi-Arabia,"Riyadh, Saudi Arabia ",Confidential,"['information technology (it)', 'computer science', 'microsoft office', 'engineering', 'data entry', 'management', 'communication skills', 'software', 'communication', 'database', 'computer', 'security']",hiretowncity
Virtual Data Quality Controller,https://wuzzuf.net/jobs/p/g/0gakKh09Xi9N-Virtual-Data-Quality-Controller-StriveNest-Kuwait-City-Kuwait,"Kuwait City, Kuwait ",Confidential,"['information technology (it)', 'computer science', 'quality control', 'engineering', 'quality', 'microsoft office', 'software', 'crm', 'data entry', 'excel', 'education', 'is']",StriveNest
Data Entry Assistant-Full Time-Remote,https://wuzzuf.net/jobs/p/g/hhy4e0D4tnOE-Data-Entry-Assistant-Full-Time-Remote-hirenationalcity-Riyadh-Saudi-Arabia,"Riyadh, Saudi Arabia ",Confidential,"['information technology (it)', 'computer science', 'microsoft office', 'accounting', 'data entry', 'communication skills', 'software', 'management', 'database', 'communication', 'skills', 'computer']",hirenationalcity
Work From Home Data Entry Assistant (Entry Level),https://wuzzuf.net/jobs/p/g/Gc1INrEFAN5Q-Work-From-Home-Data-Entry-Assistant-Entry-Level-BrightSpark-Business-Solutions-Dubai-United-Arab-Emirates,"Dubai, United Arab Emirates ",Confidential,"['microsoft office', 'administration', 'information technology (it)', 'computer science', 'data entry', 'communication skills', 'management', 'software', 'communication', 'business', 'database', 'data']",BrightSpark Business Solutions
Part-Time Remote Data Entry Clerk,https://wuzzuf.net/jobs/p/g/IKOGH9MBhZ2q-Part-Time-Remote-Data-Entry-Clerk-BrightSpark-Business-Solutions-Dubai-United-Arab-Emirates,"Dubai, United Arab Emirates ",Confidential,"['computer science', 'information technology (it)', 'customer service', 'computer engineering', 'microsoft office', 'data entry', 'communication skills', 'management', 'software', 'database', 'communication', 'data']",BrightSpark Business Solutions
Remote Data Entry Position (Immediate Need),https://wuzzuf.net/jobs/p/g/arEJ9bUQhtO6-Remote-Data-Entry-Position-Immediate-Need-Agence-LPC-Dubai-United-Arab-Emirates,"Dubai, United Arab Emirates ",Confidential,"['computer science', 'information technology (it)', 'customer service', 'engineering', 'microsoft office', 'data entry', 'management', 'operations', 'software', 'communication skills', 'database', 'business']",Agence LPC
Remote Data Entry Position (Immediate Need),https://wuzzuf.net/jobs/p/g/fg85DRDhzMAV-Remote-Data-Entry-Position-Immediate-Need-The-Fascinator-Boutique-Riyadh-Saudi-Arabia,"Riyadh, Saudi Arabia ",Confidential,"['computer science', 'information technology (it)', 'customer service', 'engineering', 'microsoft office', 'data entry', 'management', 'operations', 'software', 'communication skills', 'database', 'business']",The Fascinator Boutique
Data Entry Role – Fully Remote,https://wuzzuf.net/jobs/p/g/agMayik4AvCs-Data-Entry-Role-–-Fully-Remote-hiretowncity-Dubai-United-Arab-Emirates,"Dubai, United Arab Emirates ",Confidential,"['computer science', 'information technology (it)', 'computer engineering', 'customer service', 'microsoft office', 'software', 'management', 'data entry', 'communication skills', 'database', 'communication', 'security']",hiretowncity
Data Entry Assistant-Full Time-Remote,https://wuzzuf.net/jobs/p/g/f9jF8bCRTbNW-Data-Entry-Assistant-Full-Time-Remote-hiretowncity-Riyadh-Saudi-Arabia,"Riyadh, Saudi Arabia ",Confidential,"['information technology (it)', 'computer science', 'microsoft office', 'accounting', 'data entry', 'communication skills', 'software', 'management', 'database', 'communication', 'skills', 'analytical']",hiretowncity
Remote Data Entry Position (Immediate Need),https://wuzzuf.net/jobs/p/g/BUVjWO6axP3s-Remote-Data-Entry-Position-Immediate-Need-21-4-Dubai-United-Arab-Emirates,"Dubai, United Arab Emirates ",Confidential,"['computer science', 'information technology (it)', 'customer service', 'engineering', 'microsoft office', 'data entry', 'management', 'operations', 'software', 'communication skills', 'database', 'business']",21
Remote Data Entry Position (Immediate Need),https://wuzzuf.net/jobs/p/g/5x7QAwmM8SB7-Remote-Data-Entry-Position-Immediate-Need-GreenTec-Invest-Dubai-United-Arab-Emirates,"Dubai, United Arab Emirates ",Confidential,"['computer science', 'information technology (it)', 'customer service', 'engineering', 'microsoft office', 'data entry', 'management', 'operations', 'software', 'communication skills', 'database', 'business']",GreenTec Invest
Fully Remote Data Entry Role – Part Time,https://wuzzuf.net/jobs/p/g/lwU07UyyxP0w-Fully-Remote-Data-Entry-Role-–-Part-Time-hirenationalcity-Riyadh-Saudi-Arabia,"Riyadh, Saudi Arabia ",Confidential,"['computer science', 'information technology (it)', 'computer engineering', 'project management', 'software', 'microsoft office', 'management', 'data entry', 'database', 'communication skills', 'security', 'communication']",hirenationalcity
Remote Data Entry Position (Immediate Need),https://wuzzuf.net/jobs/p/g/vPAEv6oFoukV-Remote-Data-Entry-Position-Immediate-Need-Garellence-Riyadh-Saudi-Arabia,"Riyadh, Saudi Arabia ",Confidential,"['computer science', 'information technology (it)', 'customer service', 'engineering', 'microsoft office', 'data entry', 'management', 'operations', 'software', 'communication skills', 'database', 'business']",Garellence
Data Entry Assistant – Fully Remote Role,https://wuzzuf.net/jobs/p/g/zeQJxcv5luRt-Data-Entry-Assistant-–-Fully-Remote-Role-hirenationalcity-Riyadh-Saudi-Arabia,"Riyadh, Saudi Arabia ",Confidential,"['computer science', 'information technology (it)', 'customer service', 'engineering', 'microsoft office', 'software', 'management', 'data entry', 'communication skills', 'database', 'security', 'business']",hirenationalcity
Remote Data Entry Position (Immediate Need),https://wuzzuf.net/jobs/p/g/ebWxXpWHGKUM-Remote-Data-Entry-Position-Immediate-Need-FOAM-Music-Riyadh-Saudi-Arabia,"Riyadh, Saudi Arabia ",Confidential,"['computer science', 'information technology (it)', 'customer service', 'engineering', 'microsoft office', 'data entry', 'management', 'operations', 'software', 'communication skills', 'database', 'business']",FOAM Music
Remote Data Entry Position (Immediate Need),https://wuzzuf.net/jobs/p/g/oIPe2kRPSK7J-Remote-Data-Entry-Position-Immediate-Need-ABCmuziek-Dubai-United-Arab-Emirates,"Dubai, United Arab Emirates ",Confidential,"['computer science', 'information technology (it)', 'customer service', 'engineering', 'microsoft office', 'data entry', 'management', 'operations', 'software', 'communication skills', 'database', 'business']",ABCmuziek
Remote Data Entry Position (Immediate Need),https://wuzzuf.net/jobs/p/g/jKhjAoI8LQht-Remote-Data-Entry-Position-Immediate-Need-Eagle-Communications---Almere-NL-Dubai-United-Arab-Emirates,"Dubai, United Arab Emirates ",Confidential,"['computer science', 'information technology (it)', 'customer service', 'engineering', 'microsoft office', 'data entry', 'management', 'operations', 'software', 'communication skills', 'database', 'business']",Eagle Communications
Remote Online Data Entry Clerk Needed,https://wuzzuf.net/jobs/p/g/6CzUYDgLln2e-Remote-Online-Data-Entry-Clerk-Needed-BrightSpark-Business-Solutions-Riyadh-Saudi-Arabia,"Riyadh, Saudi Arabia ",Confidential,"['information technology (it)', 'computer science', 'data entry', 'administration', 'microsoft office', 'media', 'social media', 'database', 'software', 'communication', 'communication skills', 'management']",BrightSpark Business Solutions
Remote Data Entry Position (Immediate Need),https://wuzzuf.net/jobs/p/g/rYEpolSJF8oZ-Remote-Data-Entry-Position-Immediate-Need-Team-Rennick-LLC-Riyadh-Saudi-Arabia,"Riyadh, Saudi Arabia ",Confidential,"['computer science', 'information technology (it)', 'customer service', 'engineering', 'microsoft office', 'data entry', 'management', 'operations', 'software', 'communication skills', 'database', 'business']","Team Rennick, LLC"
Entry Level (Data Entry Clerk) - Remote,https://wuzzuf.net/jobs/p/g/LMoUYizmBcSH-Entry-Level-Data-Entry-Clerk---Remote-hirenationalcity-Riyadh-Saudi-Arabia,"Riyadh, Saudi Arabia ",Confidential,"['Engineering', 'Science', 'Administration', 'LWD', 'entry level', 'Chemistry', 'Communication Skills', 'Computer Science', 'Customer Service', 'Drilling Principles', 'Electrical Engineering', 'Equipment', 'Field', 'Information Technology (IT)', 'Logging', 'Logging & Perf', 'M/LWD Training Program', 'Microsoft Office', 'Offshore Safety Certificates', 'Oil & Gas']",hirenationalcity
Remote Data Entry Position (Immediate Need),https://wuzzuf.net/jobs/p/g/aKNMDjw21TPE-Remote-Data-Entry-Position-Immediate-Need-Roadskill-Dubai-United-Arab-Emirates,"Dubai, United Arab Emirates ",Confidential,"['computer science', 'information technology (it)', 'customer service', 'engineering', 'microsoft office', 'data entry', 'management', 'operations', 'software', 'communication skills', 'database', 'business']",Roadskill
Data Engineer,https://wuzzuf.net/jobs/p/g/Qo1hDUeZUo1R-Data-Engineer-iValue-Riyadh-Saudi-Arabia,"Riyadh, Saudi Arabia ",Confidential,"['Information Technology (IT)', 'Computer Science', 'Computer Engineering', 'Engineering', 'Software Engineering', 'Software Development', 'SQL', 'Core Data', 'Core Animation', 'iOS', 'Objective-C', 'Java', 'Software', 'Python', 'Swift', 'Data Analysis', 'Linux', 'Mobile Development', 'javaScript', 'MySQL']",iValue
Remote Data Entry Position (Immediate Need),https://wuzzuf.net/jobs/p/g/NBQmMMTUG3uT-Remote-Data-Entry-Position-Immediate-Need-Silsden-Clinic-Dubai-United-Arab-Emirates,"Dubai, United Arab Emirates ",Confidential,"['computer science', 'information technology (it)', 'customer service', 'engineering', 'microsoft office', 'data entry', 'management', 'operations', 'software', 'communication skills', 'database', 'business']",Silsden Clinic
Entry Level (Work-From-Home)Data Entry Clerks,https://wuzzuf.net/jobs/p/g/SBGAVrifuIIZ-Entry-Level-Work-From-HomeData-Entry-Clerks-Elitetownhires-Riyadh-Saudi-Arabia,"Riyadh, Saudi Arabia ",Confidential,"['Engineering', 'Science', 'Administration', 'LWD', 'entry level', 'Chemistry', 'Communication Skills', 'Computer Science', 'Customer Service', 'Drilling Principles', 'Electrical Engineering', 'Equipment', 'Field', 'Information Technology (IT)', 'Logging', 'Logging & Perf', 'M/LWD Training Program', 'Microsoft Office', 'Offshore Safety Certificates', 'Oil & Gas']",Elitetownhires
Remote Data Entry Position (Immediate Need),https://wuzzuf.net/jobs/p/g/tYXeXVS3rd88-Remote-Data-Entry-Position-Immediate-Need-Energy-Champion-Riyadh-Saudi-Arabia,"Riyadh, Saudi Arabia ",Confidential,"['computer science', 'information technology (it)', 'customer service', 'engineering', 'microsoft office', 'data entry', 'management', 'operations', 'software', 'communication skills', 'database', 'business']",Energy Champion
Remote Data Entry Position (Immediate Need),https://wuzzuf.net/jobs/p/g/TxGIyRo7EDdI-Remote-Data-Entry-Position-Immediate-Need-innerum-Sveriga-AB-Dubai-United-Arab-Emirates,"Dubai, United Arab Emirates ",Confidential,"['computer science', 'information technology (it)', 'customer service', 'engineering', 'microsoft office', 'data entry', 'management', 'operations', 'software', 'communication skills', 'database', 'business']",innerum Sveriga AB
Work From Home - Data Entry Clerk,https://wuzzuf.net/jobs/p/g/KHspP4DdWosC-Work-From-Home---Data-Entry-Clerk-Elitetownhires-Dubai-United-Arab-Emirates,"Dubai, United Arab Emirates ",Confidential,"['Customer Service', 'English', 'Customer Care', 'Customer Support', 'Call Center', 'Marketing', 'Startup', 'Sales Skills', 'Sales', 'Sales Target', 'Contact Center', 'Design', 'Social Media', 'Engineering', 'Advertising', 'Business Development', 'Microsoft Office', 'Outdoor Sales', 'Computer Science', 'Corporate Sales']",Elitetownhires
Part Time Work - Remote Data Entry Clerk,https://wuzzuf.net/jobs/p/g/A5LwAnmT0MbU-Part-Time-Work---Remote-Data-Entry-Clerk-hirenationalcity-Riyadh-Saudi-Arabia,"Riyadh, Saudi Arabia ",Confidential,"['Customer Service', 'Sales', 'Information Technology (IT)', 'Education', 'Customer Care', 'Customer Support', 'Teaching', 'Computer Science', 'Sales Skills', 'Sales Target', 'Marketing', 'Startup', 'Engineering', 'Microsoft Office', 'Writing', 'English', 'Social Media', 'Software Development', 'Accounting', 'Finance']",hirenationalcity
Part Time/Full Time - Remote Data Entry Clerk,https://wuzzuf.net/jobs/p/g/4rGa1OyNUK7p-Part-TimeFull-Time---Remote-Data-Entry-Clerk-Elitetownhires-Dubai-United-Arab-Emirates,"Dubai, United Arab Emirates ",Confidential,"['Information Technology (IT)', 'Computer Science', 'Sales', 'Customer Service', 'Customer Care', 'Customer Support', 'Education', 'Engineering', 'Teaching', 'Sales Skills', 'Microsoft Office', 'Marketing', 'HTML', 'Outdoor Sales', 'Indoor Sales', 'Software Development', 'Sales Target', 'Software Engineering', 'Accounting', 'English']",Elitetownhires
Remote Data Entry Position (Immediate Need),https://wuzzuf.net/jobs/p/g/kIaBzU9uWaTq-Remote-Data-Entry-Position-Immediate-Need-Lets-Help-Now-Riyadh-Saudi-Arabia,"Riyadh, Saudi Arabia ",Confidential,"['computer science', 'information technology (it)', 'customer service', 'engineering', 'microsoft office', 'data entry', 'management', 'operations', 'software', 'communication skills', 'database', 'business']",Let's Help Now
Remote Data Entry Position (Immediate Need),https://wuzzuf.net/jobs/p/g/5BkvTqUZVBTL-Remote-Data-Entry-Position-Immediate-Need-NovaTouch-B-V-Riyadh-Saudi-Arabia,"Riyadh, Saudi Arabia ",Confidential,"['computer science', 'information technology (it)', 'customer service', 'engineering', 'microsoft office', 'data entry', 'management', 'operations', 'software', 'communication skills', 'database', 'business']",NovaTouch B.V.
Online Data Entry/Customer Support – Remote Roles,https://wuzzuf.net/jobs/p/g/ubySjY5xACrk-Online-Data-EntryCustomer-Support-–-Remote-Roles-Zonnig-Inzicht-Dubai-United-Arab-Emirates,"Dubai, United Arab Emirates ",Confidential,"['computer science', 'information technology (it)', 'customer service', 'computer engineering', 'microsoft office', 'social media', 'management', 'media', 'data entry', 'analysis', 'communication', 'software']",Zonnig Inzicht
Remote Data Entry Role (Part Time),https://wuzzuf.net/jobs/p/g/FhzGdcHjfPvF-Remote-Data-Entry-Role-Part-Time-Charlotte-PA-Dubai-United-Arab-Emirates,"Dubai, United Arab Emirates ",Confidential,"['computer science', 'information technology (it)', 'computer engineering', 'customer service', 'microsoft office', 'data entry', 'software', 'management', 'communication skills', 'database', 'security', 'communication']",Charlotte PA
Remote Data Entry Position (Immediate Need),https://wuzzuf.net/jobs/p/g/phydzJ2zX1JP-Remote-Data-Entry-Position-Immediate-Need-Nederlandse-WingTsun-Organisatie-Riyadh-Saudi-Arabia,"Riyadh, Saudi Arabia ",Confidential,"['computer science', 'information technology (it)', 'customer service', 'engineering', 'microsoft office', 'data entry', 'management', 'software', 'communication skills', 'database', 'communication', 'security']",Nederlandse WingTsun Organisatie
Remote Data Entry Associate (Entry Level),https://wuzzuf.net/jobs/p/g/Qt8oy29Y9t7s-Remote-Data-Entry-Associate-Entry-Level-Nederlandse-WingTsun-Organisatie-Dubai-United-Arab-Emirates,"Dubai, United Arab Emirates ",Confidential,"['customer service', 'microsoft office', 'information technology (it)', 'computer science', 'management', 'data entry', 'database', 'communication', 'communication skills', 'computer', 'software', 'security']",Nederlandse WingTsun Organisatie
Data Analyst,https://wuzzuf.net/jobs/p/g/EpgslzXympnx-Data-Analyst-NICE-ONE-نايس-ون-Riyadh-Saudi-Arabia,"Riyadh, Saudi Arabia ",Confidential,"['Data Analysis', 'Analysis', 'Computer Science', 'Information Technology (IT)', 'SQL', 'Microsoft Office', 'Microsoft Excel', 'Data Analyst', 'Research', 'Business Analysis', 'Economics', 'Engineering', 'Python', 'Computer Skills', 'Data', 'English', 'Tableau', 'Commerce', 'Finance', 'Statistics']",NICE ONE | نايس ون
Remote Data Entry Work (Entry Level),https://wuzzuf.net/jobs/p/g/LlfuGtzY2Gpj-Remote-Data-Entry-Work-Entry-Level-Dapco-Video-Riyadh-Saudi-Arabia,"Riyadh, Saudi Arabia ",Confidential,"['computer science', 'information technology (it)', 'microsoft office', 'administration', 'data entry', 'software', 'communication skills', 'management', 'operations', 'communication', 'database', 'computer']",Dapco Video
Data Entry Role – Fully Remote,https://wuzzuf.net/jobs/p/g/dUBZyAvgq2xV-Data-Entry-Role-–-Fully-Remote-Dapco-Video-Dubai-United-Arab-Emirates,"Dubai, United Arab Emirates ",Confidential,"['computer science', 'information technology (it)', 'computer engineering', 'customer service', 'microsoft office', 'software', 'management', 'data entry', 'social media', 'media', 'communication skills', 'database']",Dapco Video
Work From Home Data Entry Assistant,https://wuzzuf.net/jobs/p/g/OwYzGlZZSjSF-Work-From-Home-Data-Entry-Assistant-Haasbeek-Business-Dubai-United-Arab-Emirates,"Dubai, United Arab Emirates ",Confidential,"['microsoft office', 'administration', 'information technology (it)', 'computer science', 'data entry', 'communication skills', 'management', 'market research', 'software', 'communication', 'research', 'quality']",Haasbeek Business
Fully Remote Data Entry Role – Part Time,https://wuzzuf.net/jobs/p/g/irLLvR823UcE-Fully-Remote-Data-Entry-Role-–-Part-Time-Dapco-Video-Riyadh-Saudi-Arabia,"Riyadh, Saudi Arabia ",Confidential,"['computer science', 'information technology (it)', 'computer engineering', 'project management', 'software', 'microsoft office', 'management', 'data entry', 'database', 'communication skills', 'security', 'communication']",Dapco Video
Remote Job for Data Entry Role (Entry Level),https://wuzzuf.net/jobs/p/g/cSLgyIZb8xKT-Remote-Job-for-Data-Entry-Role-Entry-Level-S3WM-web-media-design-Riyadh-Saudi-Arabia,"Riyadh, Saudi Arabia ",Confidential,"['computer science', 'information technology (it)', 'computer engineering', 'customer service', 'microsoft office', 'data entry', 'software', 'management', 'communication skills', 'communication', 'computer', 'skills']",S3WM :: web media + design
Fully Remote Data Entry Role – Part Time,https://wuzzuf.net/jobs/p/g/eapYEgYmF1C2-Fully-Remote-Data-Entry-Role-–-Part-Time-Haasbeek-Business-Riyadh-Saudi-Arabia,"Riyadh, Saudi Arabia ",Confidential,"['computer science', 'information technology (it)', 'computer engineering', 'project management', 'software', 'microsoft office', 'management', 'data entry', 'communication skills', 'market', 'market research', 'quality']",Haasbeek Business
Work From Home Data Entry Assistant,https://wuzzuf.net/jobs/p/g/Mvlp6K8BEmOZ-Work-From-Home-Data-Entry-Assistant-R-H-Art-Riyadh-Saudi-Arabia,"Riyadh, Saudi Arabia ",Confidential,"['microsoft office', 'administration', 'information technology (it)', 'computer science', 'data entry', 'communication skills', 'management', 'market research', 'software', 'communication', 'research', 'quality']",R H Art
"Senior Service Operations Owner, Market Data Services",https://wuzzuf.net/jobs/p/g/6ISkPITpM7l2-Senior-Service-Operations-Owner-Market-Data-Services-Exegy-Dubai-United-Arab-Emirates,"Dubai, United Arab Emirates ",Confidential,"['sales', 'sales skills', 'information technology (it)', 'customer service', 'computer science', 'customer support', 'engineering', 'management', 'operations', 'communication skills', 'communication', 'analysis']",Exegy
Fully Remote Data Entry Role – Part Time,https://wuzzuf.net/jobs/p/g/40B7qlQcs049-Fully-Remote-Data-Entry-Role-–-Part-Time-R-H-Art-Riyadh-Saudi-Arabia,"Riyadh, Saudi Arabia ",Confidential,"['computer science', 'information technology (it)', 'computer engineering', 'project management', 'software', 'microsoft office', 'management', 'data entry', 'communication skills', 'market', 'market research', 'quality']",R H Art
Online Data Entry Operator Needed,https://wuzzuf.net/jobs/p/g/nJGPxIN3S5BA-Online-Data-Entry-Operator-Needed-Beeldwerk-collective-studio-127-Riyadh-Saudi-Arabia,"Riyadh, Saudi Arabia ",Confidential,"['Administration', 'Data Entry', 'Admin', 'Microsoft Office', 'Admin Assist', 'Call Center', 'Communication Skills', 'Computer Skills', 'Customer Care', 'Customer Service', 'Customer Support', 'Research', 'Applied Sciences Labs', 'BioScience', 'Business Analysis', 'Database', 'Documentation', 'Documents', 'ERP', 'Internet Research']",Beeldwerk collective studio 127
Part-Time/Full-Time Remote Work For Data Entry,https://wuzzuf.net/jobs/p/g/hHGxEAdbgeQ8-Part-TimeFull-Time-Remote-Work-For-Data-Entry-Beeldwerk-collective-studio-127-Dubai-United-Arab-Emirates,"Dubai, United Arab Emirates ",Confidential,"['information technology (it)', 'computer science', 'computer engineering', 'html', 'microsoft office', 'data entry', 'software', 'communication skills', 'management', 'operations', 'database', 'communication']",Beeldwerk collective studio 127
Entry Level - Remote Data Entry Representatives,https://wuzzuf.net/jobs/p/g/knLm7RePqE2v-Entry-Level---Remote-Data-Entry-Representatives-Zonnig-Inzicht-Dubai-United-Arab-Emirates,"Dubai, United Arab Emirates ",Confidential,"['Engineering', 'Science', 'Administration', 'LWD', 'entry level', 'Chemistry', 'Communication Skills', 'Computer Science', 'Customer Service', 'Drilling Principles', 'Electrical Engineering', 'Equipment', 'Field', 'Information Technology (IT)', 'Logging', 'Logging & Perf', 'M/LWD Training Program', 'Microsoft Office', 'Offshore Safety Certificates', 'Oil & Gas']",Zonnig Inzicht
Fully Remote Data Entry Role – Part Time,https://wuzzuf.net/jobs/p/g/HjmpOo3XSgZ7-Fully-Remote-Data-Entry-Role-–-Part-Time-Baratto-Bros-Riyadh-Saudi-Arabia,"Riyadh, Saudi Arabia ",Confidential,"['computer science', 'information technology (it)', 'computer engineering', 'project management', 'software', 'microsoft office', 'management', 'data entry', 'communication skills', 'market', 'market research', 'quality']",Baratto Bros
Work From Home Data Entry Assistant,https://wuzzuf.net/jobs/p/g/XYgNDZtca5QB-Work-From-Home-Data-Entry-Assistant-Tom-Zaleski-for-Congress-Riyadh-Saudi-Arabia,"Riyadh, Saudi Arabia ",Confidential,"['microsoft office', 'administration', 'information technology (it)', 'computer science', 'data entry', 'communication skills', 'management', 'market research', 'software', 'communication', 'research', 'quality']",Tom Zaleski for Congress
Fully Remote Data Entry Role – Part Time,https://wuzzuf.net/jobs/p/g/4uCw4fxr3vno-Fully-Remote-Data-Entry-Role-–-Part-Time-Tom-Zaleski-for-Congress-Riyadh-Saudi-Arabia,"Riyadh, Saudi Arabia ",Confidential,"['computer science', 'information technology (it)', 'computer engineering', 'project management', 'software', 'microsoft office', 'management', 'data entry', 'communication skills', 'market', 'market research', 'quality']",Tom Zaleski for Congress
Work From Home Data Entry Assistant,https://wuzzuf.net/jobs/p/g/1bua7XNQUUoz-Work-From-Home-Data-Entry-Assistant-Windrush-Ventures-Dubai-United-Arab-Emirates,"Dubai, United Arab Emirates ",Confidential,"['microsoft office', 'administration', 'information technology (it)', 'computer science', 'data entry', 'communication skills', 'management', 'market research', 'software', 'communication', 'research', 'quality']",Windrush Ventures
Remote Data Entry Role (Part Time),https://wuzzuf.net/jobs/p/g/2L7E0y0YyDGj-Remote-Data-Entry-Role-Part-Time-Pro-Player-Baseball-Instruction-Riyadh-Saudi-Arabia,"Riyadh, Saudi Arabia ",Confidential,"['computer science', 'information technology (it)', 'computer engineering', 'customer service', 'data entry', 'management', 'analysis', 'market research', 'communication skills', 'communication', 'research', 'computer']",Pro Player Baseball Instruction
Data Entry Specialist - Work From Home,https://wuzzuf.net/jobs/p/g/BWn81R5vRzZy-Data-Entry-Specialist---Work-From-Home-Nederlandse-WingTsun-Organisatie-Dubai-United-Arab-Emirates,"Dubai, United Arab Emirates ",Confidential,"['Data Entry', 'Administration', 'Microsoft Office', 'Admin', 'Typing', 'Computer Skills', 'Customer Service', 'Microsoft Excel', 'Customer Care', 'Customer Support', 'English', 'Writing', 'Microsoft Word', 'Startup', 'Communication Skills', 'Data', 'Admin Work', 'Computer Science', 'Information Technology (IT)', 'Research']",Nederlandse WingTsun Organisatie
Data Entry Specialist - Work From Home,https://wuzzuf.net/jobs/p/g/G92WjwAyfDQq-Data-Entry-Specialist---Work-From-Home-Green-Energy-Shop-Dubai-United-Arab-Emirates,"Dubai, United Arab Emirates ",Confidential,"['Data Entry', 'Administration', 'Microsoft Office', 'Admin', 'Typing', 'Computer Skills', 'Customer Service', 'Microsoft Excel', 'Customer Care', 'Customer Support', 'English', 'Writing', 'Microsoft Word', 'Startup', 'Communication Skills', 'Data', 'Admin Work', 'Computer Science', 'Information Technology (IT)', 'Research']",Green Energy Shop
Work-From-Home Data Entry Positions,https://wuzzuf.net/jobs/p/g/wPRjYEdMwXOT-Work-From-Home-Data-Entry-Positions-Green-Energy-Shop-Dubai-United-Arab-Emirates,"Dubai, United Arab Emirates ",Confidential,"['microsoft office', 'information technology (it)', 'sales', 'computer science', 'data entry', 'communication skills', 'management', 'software', 'communication', 'quality', 'database', 'data']",Green Energy Shop
Fully Remote Data Entry Role – Part Time,https://wuzzuf.net/jobs/p/g/n9os15O6sj4K-Fully-Remote-Data-Entry-Role-–-Part-Time-Quivelz-Import-Export-LLC-Riyadh-Saudi-Arabia,"Riyadh, Saudi Arabia ",Confidential,"['computer science', 'information technology (it)', 'computer engineering', 'project management', 'software', 'microsoft office', 'management', 'data entry', 'communication skills', 'market', 'market research', 'quality']","Quivelz Import & Export, LLC"
Work From Home Data Entry Assistant,https://wuzzuf.net/jobs/p/g/2FLIXspNv669-Work-From-Home-Data-Entry-Assistant-Founder-Tunnel-Network-Riyadh-Saudi-Arabia,"Riyadh, Saudi Arabia ",Confidential,"['microsoft office', 'administration', 'information technology (it)', 'computer science', 'data entry', 'communication skills', 'management', 'market research', 'software', 'communication', 'research', 'quality']",Founder Tunnel Network
Data Governance and Compliance Senior Specialist,https://wuzzuf.net/jobs/p/g/wumMuVCqHxru-Data-Governance-and-Compliance-Senior-Specialist-Zakat-Tax-and-Customs-Authority-Riyadh-Saudi-Arabia,"Riyadh, Saudi Arabia ",Confidential,"['Computer Science', 'Information Technology (IT)', 'Quality', 'Quality Assurance', 'Compliance', 'Programming', 'Big Data', 'Cisco', 'Data Mining', 'LAN', 'Networks', 'Oracle', 'Pharmaceutical', 'SAP', 'Science', 'Audit', 'Cabling', 'Calculus', 'Cisco Nexus', 'Cisco Router']","Zakat, Tax and Customs Authority"
Fully Remote Data Entry Role – Part Time,https://wuzzuf.net/jobs/p/g/jQlWuAGyv1On-Fully-Remote-Data-Entry-Role-–-Part-Time-Founder-Tunnel-Network-Riyadh-Saudi-Arabia,"Riyadh, Saudi Arabia ",Confidential,"['computer science', 'information technology (it)', 'computer engineering', 'project management', 'software', 'microsoft office', 'management', 'data entry', 'communication skills', 'market', 'market research', 'quality']",Founder Tunnel Network
Data Entry Assistant-Full Time-Remote,https://wuzzuf.net/jobs/p/g/4zsJrtwDYxsJ-Data-Entry-Assistant-Full-Time-Remote-Coffee-News-of-Durham-RTP-and-Morrisville-Riyadh-Saudi-Arabia,"Riyadh, Saudi Arabia ",Confidential,"['information technology (it)', 'computer science', 'microsoft office', 'accounting', 'data entry', 'communication skills', 'software', 'management', 'database', 'communication', 'skills', 'computer']",Coffee News of Durham
Senior Data Center Engineer - Hyper Converged Implementation,https://wuzzuf.net/jobs/p/kzBzDPP5674S-Senior-Data-Center-Engineer---Hyper-Converged-Implementation-IT-Dynamics-Integrated-Solutions-Cairo-Egypt,"New Cairo, Cairo, Egypt ",Confidential,"['Data Center', 'hyper converged', 'Vmware', 'Hyper-V', 'DevOps', 'Storage', 'Servers']",IT Dynamics Integrated Solutions
Work-From-Home Data Entry Positions (Entry Level),https://wuzzuf.net/jobs/p/g/Pfiu3kzmgWpL-Work-From-Home-Data-Entry-Positions-Entry-Level-Coffee-News-of-Durham-RTP-and-Morrisville-Dubai-United-Arab-Emirates,"Dubai, United Arab Emirates ",Confidential,"['microsoft office', 'information technology (it)', 'sales', 'computer science', 'data entry', 'communication skills', 'management', 'software', 'communication', 'database', 'data', 'excel']",Coffee News of Durham
Remote Data Entry Work,https://wuzzuf.net/jobs/p/g/LSPjXE6YR5AP-Remote-Data-Entry-Work-Number-29-Consultancy-Riyadh-Saudi-Arabia,"Riyadh, Saudi Arabia ",Confidential,"['computer science', 'information technology (it)', 'microsoft office', 'administration', 'data entry', 'communication skills', 'management', 'typing', 'ms office', 'analysis', 'communication', 'computer']",Number 29 Consultancy
Work-From-Home Data Entry Positions,https://wuzzuf.net/jobs/p/g/0Y42aXbcfTsN-Work-From-Home-Data-Entry-Positions-Coffee-News-of-Durham-RTP-and-Morrisville-Riyadh-Saudi-Arabia,"Riyadh, Saudi Arabia ",Confidential,"['microsoft office', 'information technology (it)', 'sales', 'computer science', 'data entry', 'communication skills', 'management', 'software', 'communication', 'quality', 'database', 'data']",Coffee News of Durham
Data Entry Roles Remote Work (Part-Time/Full-Time),https://wuzzuf.net/jobs/p/g/MbsNtbzBfDpZ-Data-Entry-Roles-Remote-Work-Part-TimeFull-Time-Coffee-News-of-Durham-RTP-and-Morrisville-Riyadh-Saudi-Arabia,"Riyadh, Saudi Arabia ",Confidential,"['information technology (it)', 'computer science', 'microsoft office', 'engineering', 'administration', 'data entry', 'management', 'communication skills', 'software', 'computer skills', 'operations', 'communication']",Coffee News of Durham
Work From Home Data Entry Assistant,https://wuzzuf.net/jobs/p/g/5YOI4qsSeIyV-Work-From-Home-Data-Entry-Assistant-www-inktvoormijnprinter-nl-Dubai-United-Arab-Emirates,"Dubai, United Arab Emirates ",Confidential,"['microsoft office', 'administration', 'information technology (it)', 'computer science', 'data entry', 'communication skills', 'management', 'market research', 'software', 'communication', 'research', 'quality']",www.inktvoormijnprinter.nl
Work From Home Data Entry Assistant (Entry Level),https://wuzzuf.net/jobs/p/g/GSD7QbdatjAC-Work-From-Home-Data-Entry-Assistant-Entry-Level-Wine-my-Lips-Dubai-United-Arab-Emirates,"Dubai, United Arab Emirates ",Confidential,"['microsoft office', 'administration', 'information technology (it)', 'computer science', 'data entry', 'communication skills', 'management', 'software', 'communication', 'database', 'data', 'skills']",Wine my Lips
Fully Remote Data Entry Role – Part Time,https://wuzzuf.net/jobs/p/g/8B4U1iFn5bL4-Fully-Remote-Data-Entry-Role-–-Part-Time-www-inktvoormijnprinter-nl-Riyadh-Saudi-Arabia,"Riyadh, Saudi Arabia ",Confidential,"['computer science', 'information technology (it)', 'computer engineering', 'project management', 'software', 'microsoft office', 'management', 'data entry', 'communication skills', 'market', 'market research', 'quality']",www.inktvoormijnprinter.nl
Remote Online Data Entry Clerk Needed,https://wuzzuf.net/jobs/p/g/jhX4zCqZEZec-Remote-Online-Data-Entry-Clerk-Needed-Wine-my-Lips-Dubai-United-Arab-Emirates,"Dubai, United Arab Emirates ",Confidential,"['information technology (it)', 'computer science', 'data entry', 'administration', 'microsoft office', 'media', 'social media', 'database', 'software', 'communication', 'communication skills', 'management']",Wine my Lips
Fully Remote Data Entry Role – Part Time,https://wuzzuf.net/jobs/p/g/mOQMVWmw438F-Fully-Remote-Data-Entry-Role-–-Part-Time-BVZ--Unabhängige-Versicherungs-Vermittlungs-GmbH--Riyadh-Saudi-Arabia,"Riyadh, Saudi Arabia ",Confidential,"['computer science', 'information technology (it)', 'computer engineering', 'project management', 'software', 'microsoft office', 'management', 'data entry', 'communication skills', 'market', 'market research', 'quality']",BVZ
Fully Remote Data Entry Role – Part Time,https://wuzzuf.net/jobs/p/g/SliqPhbcJYbn-Fully-Remote-Data-Entry-Role-–-Part-Time-Zeeonix-Riyadh-Saudi-Arabia,"Riyadh, Saudi Arabia ",Confidential,"['computer science', 'information technology (it)', 'computer engineering', 'project management', 'software', 'microsoft office', 'management', 'data entry', 'communication skills', 'market', 'market research', 'quality']",Zeeonix
Remote - Data Entry Jobs (Part/Full Time),https://wuzzuf.net/jobs/p/g/4NCD2oTDlf7p-Remote---Data-Entry-Jobs-PartFull-Time-S3WM-web-media-design-Riyadh-Saudi-Arabia,"Riyadh, Saudi Arabia ",Confidential,"['Information Technology (IT)', 'Computer Science', 'Software Development', 'Engineering', 'Installation', 'Software Engineering', 'Computer Engineering', 'Customer Service', 'Marketing', 'English', 'Customer Support', 'DNS', 'Agile', 'CSS', 'Git', 'KVM', 'Microsoft Office', 'SQL', 'Social Media', 'XEN']",S3WM :: web media + design
Work Remotely - Data Entry Associate,https://wuzzuf.net/jobs/p/g/M6ldX955eokD-Work-Remotely---Data-Entry-Associate-Dapco-Video-Riyadh-Saudi-Arabia,"Riyadh, Saudi Arabia ",Confidential,"['Customer Service', 'Customer Support', 'English', 'Management', 'Arabic', 'Computer Science', 'E-commerce', 'Marketing', '3ds Max', 'APIs', 'Admin', 'Administration', 'Architecture', 'AutoCAD', 'Business', 'Business development', 'CELTA', 'CMS', 'CRM', 'CSS']",Dapco Video
Data Analyst,https://wuzzuf.net/jobs/p/HuI799zbHggN-Data-Analyst-Qalubia-Egypt,"Qalyub, Qalubia, Egypt ",Confidential,"['Analyst', 'Analysis', 'Data Analysis', 'Data Analyst', 'analytical']",Confidential
Remote - Data Entry Jobs (Part/Full Time),https://wuzzuf.net/jobs/p/g/MN1fzr790ITP-Remote---Data-Entry-Jobs-PartFull-Time-R-H-Art-Riyadh-Saudi-Arabia,"Riyadh, Saudi Arabia ",Confidential,"['Information Technology (IT)', 'Computer Science', 'Software Development', 'Engineering', 'Installation', 'Software Engineering', 'Computer Engineering', 'Customer Service', 'Marketing', 'English', 'Customer Support', 'DNS', 'Agile', 'CSS', 'Git', 'KVM', 'Microsoft Office', 'SQL', 'Social Media', 'XEN']",R H Art
Remote Role (Data Entry Work From Home),https://wuzzuf.net/jobs/p/g/31ENkTxcJMQw-Remote-Role-Data-Entry-Work-From-Home-qpmedia-Dubai-United-Arab-Emirates,"Dubai, United Arab Emirates ",Confidential,"['computer science', 'information technology (it)', 'computer engineering', 'electrical engineering', 'software', 'microsoft office', 'management', 'remote', 'database', 'computer systems', 'computer', 'communication']",qpmedia
Part Time/Full Time Remote Data Entry Clerk,https://wuzzuf.net/jobs/p/g/lpXqcJMtjw8a-Part-TimeFull-Time-Remote-Data-Entry-Clerk-MAN-Technology-Environment-Dubai-United-Arab-Emirates,"Dubai, United Arab Emirates ",Confidential,"['computer science', 'information technology (it)', 'computer engineering', 'python', 'data entry', 'microsoft office', 'operations', 'communication skills', 'software', 'computer', 'database', 'remote']","MAN, Technology, Environment"
Fully Remote Data Entry Role – Part Time,https://wuzzuf.net/jobs/p/g/dgIBaPd6izhz-Fully-Remote-Data-Entry-Role-–-Part-Time-Universal-Donations-Riyadh-Saudi-Arabia,"Riyadh, Saudi Arabia ",Confidential,"['computer science', 'information technology (it)', 'computer engineering', 'project management', 'software', 'microsoft office', 'management', 'data entry', 'communication skills', 'market', 'market research', 'quality']",Universal Donations
Fully Remote Data Entry Role – Part Time,https://wuzzuf.net/jobs/p/g/rgfqq07mTJnq-Fully-Remote-Data-Entry-Role-–-Part-Time-MAREOKA-COM-Dubai-United-Arab-Emirates,"Dubai, United Arab Emirates ",Confidential,"['computer science', 'information technology (it)', 'computer engineering', 'project management', 'software', 'microsoft office', 'management', 'data entry', 'communication skills', 'market', 'market research', 'quality']",MAREOKA.COM
Fully Remote Data Entry Role – Part Time,https://wuzzuf.net/jobs/p/g/ljiyMXJGkYUV-Fully-Remote-Data-Entry-Role-–-Part-Time-Immorphosis-architecture-Riyadh-Saudi-Arabia,"Riyadh, Saudi Arabia ",Confidential,"['computer science', 'information technology (it)', 'computer engineering', 'project management', 'software', 'microsoft office', 'management', 'data entry', 'communication skills', 'market', 'market research', 'quality']",Immorphosis architecture
Fully Remote Data Entry Role – Part Time,https://wuzzuf.net/jobs/p/g/mqFzNfVjl5jL-Fully-Remote-Data-Entry-Role-–-Part-Time-Nederlandse-WingTsun-Organisatie-Riyadh-Saudi-Arabia,"Riyadh, Saudi Arabia ",Confidential,"['computer science', 'information technology (it)', 'computer engineering', 'project management', 'management', 'data entry', 'communication skills', 'ms office', 'communication', 'computer', 'excel', 'remote']",Nederlandse WingTsun Organisatie
Data Entry Clerk-Part Time-Remote,https://wuzzuf.net/jobs/p/g/u639WOgqxQ7b-Data-Entry-Clerk-Part-Time-Remote-Zonnig-Inzicht-Riyadh-Saudi-Arabia,"Riyadh, Saudi Arabia ",Confidential,"['computer science', 'information technology (it)', 'customer service', 'computer engineering', 'microsoft office', 'data entry', 'communication skills', 'management', 'software', 'database', 'communication', 'data']",Zonnig Inzicht
Remote - Data Entry Jobs (Part/Full Time),https://wuzzuf.net/jobs/p/g/yrWrjtLuoVFf-Remote---Data-Entry-Jobs-PartFull-Time-Quivelz-Import-Export-LLC-Riyadh-Saudi-Arabia,"Riyadh, Saudi Arabia ",Confidential,"['Information Technology (IT)', 'Computer Science', 'Software Development', 'Engineering', 'Installation', 'Software Engineering', 'Computer Engineering', 'Customer Service', 'Marketing', 'English', 'Customer Support', 'DNS', 'Agile', 'CSS', 'Git', 'KVM', 'Microsoft Office', 'SQL', 'Social Media', 'XEN']","Quivelz Import & Export, LLC"
Work From Home Data Entry Assistant,https://wuzzuf.net/jobs/p/g/OdWjB8Pe1hMz-Work-From-Home-Data-Entry-Assistant-World-Domination-Online-Interactive-Media-Entertainment-Studio-Riyadh-Saudi-Arabia,"Riyadh, Saudi Arabia ",Confidential,"['microsoft office', 'administration', 'information technology (it)', 'computer science', 'data entry', 'communication skills', 'management', 'market research', 'software', 'communication', 'research', 'quality']",World Domination Online Interactive Media Entertainment Studio
Fully Remote Data Entry Role – Part Time,https://wuzzuf.net/jobs/p/g/Xuq8G5culR9R-Fully-Remote-Data-Entry-Role-–-Part-Time-World-Domination-Online-Interactive-Media-Entertainment-Studio-Riyadh-Saudi-Arabia,"Riyadh, Saudi Arabia ",Confidential,"['computer science', 'information technology (it)', 'computer engineering', 'project management', 'software', 'microsoft office', 'management', 'data entry', 'communication skills', 'market', 'market research', 'quality']",World Domination Online Interactive Media Entertainment Studio
Remote - Data Entry Jobs (Part/Full Time),https://wuzzuf.net/jobs/p/g/fjTtxuKHurUA-Remote---Data-Entry-Jobs-PartFull-Time-Founder-Tunnel-Network-Riyadh-Saudi-Arabia,"Riyadh, Saudi Arabia ",Confidential,"['Information Technology (IT)', 'Computer Science', 'Software Development', 'Engineering', 'Installation', 'Software Engineering', 'Computer Engineering', 'Customer Service', 'Marketing', 'English', 'Customer Support', 'DNS', 'Agile', 'CSS', 'Git', 'KVM', 'Microsoft Office', 'SQL', 'Social Media', 'XEN']",Founder Tunnel Network
Part-Time/Full-Time Remote Work For Data Entry,https://wuzzuf.net/jobs/p/g/LkDP2yfYS7ln-Part-TimeFull-Time-Remote-Work-For-Data-Entry-Dapco-Video-Riyadh-Saudi-Arabia,"Riyadh, Saudi Arabia ",Confidential,"['information technology (it)', 'computer science', 'computer engineering', 'html', 'data entry', 'communication skills', 'management', 'communication', 'excel', 'ms office', 'typing', 'computer']",Dapco Video
Online Data Entry Operator Needed,https://wuzzuf.net/jobs/p/g/siIqzhsYt0nC-Online-Data-Entry-Operator-Needed-Dapco-Video-Riyadh-Saudi-Arabia,"Riyadh, Saudi Arabia ",Confidential,"['Administration', 'Data Entry', 'Admin', 'Microsoft Office', 'Admin Assist', 'Call Center', 'Communication Skills', 'Computer Skills', 'Customer Care', 'Customer Service', 'Customer Support', 'Research', 'Applied Sciences Labs', 'BioScience', 'Business Analysis', 'Database', 'Documentation', 'Documents', 'ERP', 'Internet Research']",Dapco Video
Work Remotely - Data Entry Clerk (Part Time),https://wuzzuf.net/jobs/p/g/TLIvAbIYhUt3-Work-Remotely---Data-Entry-Clerk-Part-Time-Number-29-Consultancy-Riyadh-Saudi-Arabia,"Riyadh, Saudi Arabia ",Confidential,"['Customer Service', 'Customer Support', 'English', 'Management', 'Arabic', 'Computer Science', 'E-commerce', 'Marketing', '3ds Max', 'APIs', 'Admin', 'Administration', 'Architecture', 'AutoCAD', 'Business', 'Business development', 'CELTA', 'CMS', 'CRM', 'CSS']",Number 29 Consultancy
Remote Work - Data Entry Role,https://wuzzuf.net/jobs/p/g/Ykld6hjPf7F2-Remote-Work---Data-Entry-Role-Coffee-News-of-Durham-RTP-and-Morrisville-Riyadh-Saudi-Arabia,"Riyadh, Saudi Arabia ",Confidential,"['Customer Service', 'Customer Support', 'English', 'Management', 'Arabic', 'Computer Science', 'E-commerce', 'Marketing', '3ds Max', 'APIs', 'Admin', 'Administration', 'Architecture', 'AutoCAD', 'Business', 'Business development', 'CELTA', 'CMS', 'CRM', 'CSS']",Coffee News of Durham
Data Entry Clerk-Part Time-Remote,https://wuzzuf.net/jobs/p/g/2AXZd5kPu9PQ-Data-Entry-Clerk-Part-Time-Remote-Theaterbrigade-Riyadh-Saudi-Arabia,"Riyadh, Saudi Arabia ",Confidential,"['computer science', 'information technology (it)', 'customer service', 'computer engineering', 'microsoft office', 'data entry', 'communication skills', 'management', 'software', 'database', 'communication', 'data']",Theaterbrigade
Work From Home Data Entry Assistant,https://wuzzuf.net/jobs/p/g/zwyufTcSU20Q-Work-From-Home-Data-Entry-Assistant-Invents-Marks-Riyadh-Saudi-Arabia,"Riyadh, Saudi Arabia ",Confidential,"['microsoft office', 'administration', 'information technology (it)', 'computer science', 'data entry', 'communication skills', 'management', 'market research', 'software', 'communication', 'research', 'quality']",Invents & Marks
Work-From-Home Data Entry Positions,https://wuzzuf.net/jobs/p/g/qZ4abti2IYIk-Work-From-Home-Data-Entry-Positions-S3WM-web-media-design-Riyadh-Saudi-Arabia,"Riyadh, Saudi Arabia ",Confidential,"['microsoft office', 'information technology (it)', 'sales', 'computer science', 'data entry', 'communication skills', 'management', 'communication', 'ms office', 'typing', 'data', 'excel']",S3WM :: web media + design
Data Entry Remote Work (Part-Time/Full-Time),https://wuzzuf.net/jobs/p/g/1q2QEy00sZLY-Data-Entry-Remote-Work-Part-TimeFull-Time-S3WM-web-media-design-Riyadh-Saudi-Arabia,"Riyadh, Saudi Arabia ",Confidential,"['computer science', 'information technology (it)', 'microsoft office', 'administration', 'data entry', 'software', 'communication skills', 'management', 'typing', 'ms office', 'communication', 'computer']",S3WM :: web media + design
Work From Home Data Entry Assistant,https://wuzzuf.net/jobs/p/g/DUznvyHB1dYi-Work-From-Home-Data-Entry-Assistant-SELLUTION-CO-UK-Riyadh-Saudi-Arabia,"Riyadh, Saudi Arabia ",Confidential,"['microsoft office', 'administration', 'information technology (it)', 'computer science', 'data entry', 'communication skills', 'management', 'market research', 'software', 'communication', 'research', 'quality']",SELLUTION.CO.UK
Work-From-Home Data Entry Positions (Entry Level),https://wuzzuf.net/jobs/p/g/bSzx7UrAe1vJ-Work-From-Home-Data-Entry-Positions-Entry-Level-S3WM-web-media-design-Riyadh-Saudi-Arabia,"Riyadh, Saudi Arabia ",Confidential,"['microsoft office', 'information technology (it)', 'sales', 'computer science', 'data entry', 'social media', 'communication skills', 'management', 'media', 'communication', 'ms office', 'typing']",S3WM :: web media + design
Fully Remote Data Entry Role – Part Time,https://wuzzuf.net/jobs/p/g/utRDQ5slrUoj-Fully-Remote-Data-Entry-Role-–-Part-Time-SELLUTION-CO-UK-Riyadh-Saudi-Arabia,"Riyadh, Saudi Arabia ",Confidential,"['computer science', 'information technology (it)', 'computer engineering', 'project management', 'software', 'microsoft office', 'management', 'data entry', 'communication skills', 'market', 'market research', 'quality']",SELLUTION.CO.UK
Part Time/Full Time - Remote Data Entry Clerk,https://wuzzuf.net/jobs/p/g/ryNZxW0DVzMn-Part-TimeFull-Time---Remote-Data-Entry-Clerk-MAN-Technology-Environment-Riyadh-Saudi-Arabia,"Riyadh, Saudi Arabia ",Confidential,"['Information Technology (IT)', 'Computer Science', 'Sales', 'Customer Service', 'Customer Care', 'Customer Support', 'Education', 'Engineering', 'Teaching', 'Sales Skills', 'Microsoft Office', 'Marketing', 'HTML', 'Outdoor Sales', 'Indoor Sales', 'Software Development', 'Sales Target', 'Software Engineering', 'Accounting', 'English']","MAN, Technology, Environment"
Remote Data Entry Assistant– Work From Home,https://wuzzuf.net/jobs/p/g/rYEmtxXwcf5H-Remote-Data-Entry-Assistant–-Work-From-Home-qpmedia-Dubai-United-Arab-Emirates,"Dubai, United Arab Emirates ",Confidential,"['computer science', 'information technology (it)', 'customer service', 'administration', 'microsoft office', 'data entry', 'communication skills', 'software', 'communication', 'database', 'remote', 'excel']",qpmedia
Work From Home Data Entry Assistant,https://wuzzuf.net/jobs/p/g/0PpxRU0nGZHg-Work-From-Home-Data-Entry-Assistant-especiallycreams-com-Riyadh-Saudi-Arabia,"Riyadh, Saudi Arabia ",Confidential,"['microsoft office', 'administration', 'information technology (it)', 'computer science', 'data entry', 'communication skills', 'management', 'market research', 'software', 'communication', 'research', 'quality']",especiallycreams.com
Work From Home Data Entry Assistant,https://wuzzuf.net/jobs/p/g/aCDeriFYNi4x-Work-From-Home-Data-Entry-Assistant-HgBoxing-Riyadh-Saudi-Arabia,"Riyadh, Saudi Arabia ",Confidential,"['microsoft office', 'administration', 'information technology (it)', 'computer science', 'data entry', 'communication skills', 'management', 'market research', 'software', 'communication', 'research', 'quality']",HgBoxing
Work From Home Data Entry Assistant,https://wuzzuf.net/jobs/p/g/5mcdEizWhNW4-Work-From-Home-Data-Entry-Assistant-CanadaCubaRunners-Riyadh-Saudi-Arabia,"Riyadh, Saudi Arabia ",Confidential,"['microsoft office', 'administration', 'information technology (it)', 'computer science', 'data entry', 'communication skills', 'management', 'market research', 'software', 'communication', 'research', 'quality']",CanadaCubaRunners
Fully Remote Data Entry Role – Part Time,https://wuzzuf.net/jobs/p/g/Dha2LVnYGYVD-Fully-Remote-Data-Entry-Role-–-Part-Time-Lost-Notebook-Riyadh-Saudi-Arabia,"Riyadh, Saudi Arabia ",Confidential,"['computer science', 'information technology (it)', 'computer engineering', 'project management', 'software', 'microsoft office', 'management', 'data entry', 'communication skills', 'market', 'market research', 'quality']",Lost Notebook
Work-From-Home Data Entry Positions (Entry Level),https://wuzzuf.net/jobs/p/g/eRue1pRDPRzP-Work-From-Home-Data-Entry-Positions-Entry-Level-Chix-and-Mortar-Riyadh-Saudi-Arabia,"Riyadh, Saudi Arabia ",Confidential,"['microsoft office', 'information technology (it)', 'sales', 'computer science', 'data entry', 'communication skills', 'management', 'software', 'communication', 'database', 'data', 'remote']",Chix and Mortar
Online Data Entry-Remote,https://wuzzuf.net/jobs/p/g/N1hAyqA3cZ6E-Online-Data-Entry-Remote-Chix-and-Mortar-Riyadh-Saudi-Arabia,"Riyadh, Saudi Arabia ",Confidential,"['information technology (it)', 'computer science', 'computer engineering', 'electrical engineering', 'data entry', 'microsoft office', 'social media', 'media', 'operations', 'management', 'communication', 'software']",Chix and Mortar
Work From Home Data Entry Assistant,https://wuzzuf.net/jobs/p/g/8rbKjUXOmdZz-Work-From-Home-Data-Entry-Assistant-Zeeonix-Dubai-United-Arab-Emirates,"Dubai, United Arab Emirates ",Confidential,"['microsoft office', 'administration', 'information technology (it)', 'computer science', 'data entry', 'communication skills', 'management', 'market research', 'software', 'communication', 'research', 'quality']",Zeeonix
Part-Time Remote Data Entry Clerk,https://wuzzuf.net/jobs/p/g/ekQSzFFEdqm0-Part-Time-Remote-Data-Entry-Clerk-Jinga-BV-Dubai-United-Arab-Emirates,"Dubai, United Arab Emirates ",Confidential,"['computer science', 'information technology (it)', 'customer service', 'computer engineering', 'microsoft office', 'data entry', 'communication skills', 'management', 'software', 'database', 'communication', 'data']",Jinga BV
Work Remotely - Data Entry Role,https://wuzzuf.net/jobs/p/g/VpQM1IbMJ94P-Work-Remotely---Data-Entry-Role-Theaterbrigade-Riyadh-Saudi-Arabia,"Riyadh, Saudi Arabia ",Confidential,"['Customer Service', 'Customer Support', 'English', 'Management', 'Arabic', 'Computer Science', 'E-commerce', 'Marketing', '3ds Max', 'APIs', 'Admin', 'Administration', 'Architecture', 'AutoCAD', 'Business', 'Business development', 'CELTA', 'CMS', 'CRM', 'CSS']",Theaterbrigade
Remote Full-Time Data Entry Clerk,https://wuzzuf.net/jobs/p/g/ujEkv32Egs4z-Remote-Full-Time-Data-Entry-Clerk-Jinga-BV-Riyadh-Saudi-Arabia,"Riyadh, Saudi Arabia ",Confidential,"['information technology (it)', 'computer science', 'computer engineering', 'electrical engineering', 'microsoft office', 'data entry', 'software', 'communication skills', 'management', 'database', 'data', 'skills']",Jinga BV
Fully Remote Data Entry Role – Part Time,https://wuzzuf.net/jobs/p/g/OnTHaxkDKXai-Fully-Remote-Data-Entry-Role-–-Part-Time-Vosill-Ltd-Riyadh-Saudi-Arabia,"Riyadh, Saudi Arabia ",Confidential,"['computer science', 'information technology (it)', 'computer engineering', 'project management', 'software', 'microsoft office', 'management', 'data entry', 'communication skills', 'market', 'market research', 'quality']",Vosill Ltd
Remote Online Data Entry Clerk Needed,https://wuzzuf.net/jobs/p/g/1X2qTPtM58kF-Remote-Online-Data-Entry-Clerk-Needed-Jinga-BV-Riyadh-Saudi-Arabia,"Riyadh, Saudi Arabia ",Confidential,"['information technology (it)', 'computer science', 'data entry', 'administration', 'microsoft office', 'typing', 'database', 'software', 'communication', 'communication skills', 'management', 'data']",Jinga BV
Work From Home Data Entry Assistant,https://wuzzuf.net/jobs/p/g/I9ZEPm6H2Kyl-Work-From-Home-Data-Entry-Assistant-Jenkinsons-Decorating-Contractors-Ltd-Dubai-United-Arab-Emirates,"Dubai, United Arab Emirates ",Confidential,"['microsoft office', 'administration', 'information technology (it)', 'computer science', 'data entry', 'communication skills', 'management', 'market research', 'software', 'communication', 'research', 'quality']",Jenkinsons Decorating Contractors Ltd
Remote - Data Entry Jobs (Part/Full Time),https://wuzzuf.net/jobs/p/g/u5r6ejOP7JY6-Remote---Data-Entry-Jobs-PartFull-Time-SELLUTION-CO-UK-Riyadh-Saudi-Arabia,"Riyadh, Saudi Arabia ",Confidential,"['Information Technology (IT)', 'Computer Science', 'Software Development', 'Engineering', 'Installation', 'Software Engineering', 'Computer Engineering', 'Customer Service', 'Marketing', 'English', 'Customer Support', 'DNS', 'Agile', 'CSS', 'Git', 'KVM', 'Microsoft Office', 'SQL', 'Social Media', 'XEN']",SELLUTION.CO.UK
Remote Work Opportunities (Data Entry Role),https://wuzzuf.net/jobs/p/g/Tb43xtQN22CH-Remote-Work-Opportunities-Data-Entry-Role-S3WM-web-media-design-Dubai-United-Arab-Emirates,"Dubai, United Arab Emirates ",Confidential,"['Customer Support', 'Management', 'Computer Science', 'Customer Service', 'E-commerce', 'English', 'Marketing', '3ds Max', 'APIs', 'Admin', 'Administration', 'Arabic', 'Architecture', 'AutoCAD', 'Business', 'CELTA', 'CMS', 'CRM', 'CSS', 'Code Versioning Tools']",S3WM :: web media + design
Fully Remote Data Entry Role – Part Time,https://wuzzuf.net/jobs/p/g/YkxQoE9Y2NDQ-Fully-Remote-Data-Entry-Role-–-Part-Time-CanadaCubaRunners-Riyadh-Saudi-Arabia,"Riyadh, Saudi Arabia ",Confidential,"['computer science', 'information technology (it)', 'computer engineering', 'project management', 'software', 'microsoft office', 'management', 'data entry', 'communication skills', 'market', 'market research', 'quality']",CanadaCubaRunners
Work From Home Data Entry Assistant,https://wuzzuf.net/jobs/p/g/KM54DhNJeJSd-Work-From-Home-Data-Entry-Assistant-Silver-Champion-d-o-o-Sarajevo-Riyadh-Saudi-Arabia,"Riyadh, Saudi Arabia ",Confidential,"['microsoft office', 'administration', 'information technology (it)', 'computer science', 'data entry', 'communication skills', 'management', 'market research', 'software', 'communication', 'research', 'quality']",Silver Champion d.o.o. Sarajevo
Virtual Data Entry Clerk: Remote Opportunity,https://wuzzuf.net/jobs/p/g/p1hyH2feHDJF-Virtual-Data-Entry-Clerk-Remote-Opportunity-Nederlandse-WingTsun-Organisatie-Riyadh-Saudi-Arabia,"Riyadh, Saudi Arabia ",Confidential,"['information technology (it)', 'computer science', 'computer skills', 'engineering', 'communication skills', 'data entry', 'analysis', 'social media', 'communication', 'management', 'media']",Nederlandse WingTsun Organisatie
Work From Home Data Entry Assistant,https://wuzzuf.net/jobs/p/g/EqvZPf2blh8m-Work-From-Home-Data-Entry-Assistant-Festival-Manitoba-Riyadh-Saudi-Arabia,"Riyadh, Saudi Arabia ",Confidential,"['microsoft office', 'administration', 'information technology (it)', 'computer science', 'data entry', 'communication skills', 'management', 'market research', 'software', 'communication', 'research', 'quality']",Festival Manitoba
Remote Data Entry Associate: Work From Home,https://wuzzuf.net/jobs/p/g/k7ZKFrqajpoJ-Remote-Data-Entry-Associate-Work-From-Home-Green-Energy-Shop-Riyadh-Saudi-Arabia,"Riyadh, Saudi Arabia ",Confidential,"['information technology (it)', 'computer science', 'customer service', 'customer care', 'data entry', 'microsoft office', 'software', 'remote', 'database', 'media', 'social media', 'management']",Green Energy Shop
Work From Home Data Entry Assistant,https://wuzzuf.net/jobs/p/g/kjoN3xZ2bqsF-Work-From-Home-Data-Entry-Assistant-Maastricht-Moet-Je-Horen-Riyadh-Saudi-Arabia,"Riyadh, Saudi Arabia ",Confidential,"['microsoft office', 'administration', 'information technology (it)', 'computer science', 'data entry', 'communication skills', 'management', 'market research', 'software', 'communication', 'research', 'quality']",Maastricht Moet Je Horen!
Work From Home - Data Entry Clerk,https://wuzzuf.net/jobs/p/g/9ZDod99ivXfl-Work-From-Home---Data-Entry-Clerk-Number-29-Consultancy-Dubai-United-Arab-Emirates,"Dubai, United Arab Emirates ",Confidential,"['Customer Service', 'English', 'Customer Care', 'Customer Support', 'Call Center', 'Marketing', 'Startup', 'Sales Skills', 'Sales', 'Sales Target', 'Contact Center', 'Design', 'Social Media', 'Engineering', 'Advertising', 'Business Development', 'Microsoft Office', 'Outdoor Sales', 'Computer Science', 'Corporate Sales']",Number 29 Consultancy
Remote - Data Entry Jobs (Part/Full Time),https://wuzzuf.net/jobs/p/g/exRAcCKSt3Vz-Remote---Data-Entry-Jobs-PartFull-Time-especiallycreams-com-Riyadh-Saudi-Arabia,"Riyadh, Saudi Arabia ",Confidential,"['Information Technology (IT)', 'Computer Science', 'Software Development', 'Engineering', 'Installation', 'Software Engineering', 'Computer Engineering', 'Customer Service', 'Marketing', 'English', 'Customer Support', 'DNS', 'Agile', 'CSS', 'Git', 'KVM', 'Microsoft Office', 'SQL', 'Social Media', 'XEN']",especiallycreams.com
Work From Home Data Entry Assistant,https://wuzzuf.net/jobs/p/g/Xkzoj8LZa69b-Work-From-Home-Data-Entry-Assistant-AllWebsites-be-Riyadh-Saudi-Arabia,"Riyadh, Saudi Arabia ",Confidential,"['microsoft office', 'administration', 'information technology (it)', 'computer science', 'data entry', 'communication skills', 'management', 'market research', 'software', 'communication', 'research', 'quality']",AllWebsites.be
Remote - Data Entry Jobs (Part/Full Time),https://wuzzuf.net/jobs/p/g/43aeqoj2bl77-Remote---Data-Entry-Jobs-PartFull-Time-HgBoxing-Dubai-United-Arab-Emirates,"Dubai, United Arab Emirates ",Confidential,"['Information Technology (IT)', 'Computer Science', 'Software Development', 'Engineering', 'Installation', 'Software Engineering', 'Computer Engineering', 'Customer Service', 'Marketing', 'English', 'Customer Support', 'DNS', 'Agile', 'CSS', 'Git', 'KVM', 'Microsoft Office', 'SQL', 'Social Media', 'XEN']",HgBoxing
Work From Home Data Entry Assistant (Entry Level),https://wuzzuf.net/jobs/p/g/4anaEbyfbC0w-Work-From-Home-Data-Entry-Assistant-Entry-Level-Coffee-News-of-Durham-RTP-and-Morrisville-Riyadh-Saudi-Arabia,"Riyadh, Saudi Arabia ",Confidential,"['microsoft office', 'administration', 'information technology (it)', 'computer science', 'data entry', 'communication skills', 'management', 'operations', 'software', 'communication', 'database', 'data']",Coffee News of Durham
Full-Time/Part-Time Remote Data Entry Clerk,https://wuzzuf.net/jobs/p/g/P4MFIGIsDxC2-Full-TimePart-Time-Remote-Data-Entry-Clerk-Coffee-News-of-Durham-RTP-and-Morrisville-Riyadh-Saudi-Arabia,"Riyadh, Saudi Arabia ",Confidential,"['computer science', 'information technology (it)', 'computer engineering', 'python', 'data entry', 'microsoft office', 'communication skills', 'software', 'computer', 'database', 'remote']",Coffee News of Durham
Part-Time Remote Data Entry Position,https://wuzzuf.net/jobs/p/g/sPtNdW42COxe-Part-Time-Remote-Data-Entry-Position-Coffee-News-of-Durham-RTP-and-Morrisville-Riyadh-Saudi-Arabia,"Riyadh, Saudi Arabia ",Confidential,"['information technology (it)', 'computer science', 'customer service', 'computer engineering', 'microsoft office', 'data entry', 'software', 'management', 'communication skills', 'operations', 'communication', 'database']",Coffee News of Durham
Work Remotely - Data Entry Clerk (Part Time),https://wuzzuf.net/jobs/p/g/5alHzfVz4MFv-Work-Remotely---Data-Entry-Clerk-Part-Time-Pro-Player-Baseball-Instruction-Riyadh-Saudi-Arabia,"Riyadh, Saudi Arabia ",Confidential,"['Customer Service', 'Customer Support', 'English', 'Management', 'Arabic', 'Computer Science', 'E-commerce', 'Marketing', '3ds Max', 'APIs', 'Admin', 'Administration', 'Architecture', 'AutoCAD', 'Business', 'Business development', 'CELTA', 'CMS', 'CRM', 'CSS']",Pro Player Baseball Instruction
Remote Data Entry Work (Entry Level),https://wuzzuf.net/jobs/p/g/QNGY4RQKXknf-Remote-Data-Entry-Work-Entry-Level-MAN-Technology-Environment-Dubai-United-Arab-Emirates,"Dubai, United Arab Emirates ",Confidential,"['computer science', 'information technology (it)', 'microsoft office', 'administration', 'data entry', 'communication skills', 'management', 'typing', 'ms office', 'communication', 'computer', 'excel']","MAN, Technology, Environment"
Data Analyst,https://wuzzuf.net/jobs/p/g/8JteJPvTALBh-Data-Analyst-Truelancer-com-Riyadh-Saudi-Arabia,"Riyadh, Saudi Arabia ",Confidential,"['Data Analysis', 'Analysis', 'Computer Science', 'Information Technology (IT)', 'SQL', 'Microsoft Office', 'Microsoft Excel', 'Data Analyst', 'Research', 'Business Analysis', 'Economics', 'Engineering', 'Python', 'Computer Skills', 'Data', 'English', 'Tableau', 'Commerce', 'Finance', 'Statistics']",Truelancer.com
Fully Remote Data Entry Role – Part Time,https://wuzzuf.net/jobs/p/g/HkEDyhVTsfFF-Fully-Remote-Data-Entry-Role-–-Part-Time-gasmGIRL-Riyadh-Saudi-Arabia,"Riyadh, Saudi Arabia ",Confidential,"['computer science', 'information technology (it)', 'computer engineering', 'project management', 'software', 'microsoft office', 'management', 'data entry', 'communication skills', 'market', 'market research', 'quality']",gasmGIRL
Work From Home Data Entry Assistant,https://wuzzuf.net/jobs/p/g/bteRD6auYMut-Work-From-Home-Data-Entry-Assistant-NewPower-Coaching-Consulting-Firm-Riyadh-Saudi-Arabia,"Riyadh, Saudi Arabia ",Confidential,"['microsoft office', 'administration', 'information technology (it)', 'computer science', 'data entry', 'communication skills', 'management', 'market research', 'software', 'communication', 'research', 'quality']",NewPower Coaching & Consulting Firm
Work From Home Data Entry Assistant,https://wuzzuf.net/jobs/p/g/Mbs2OmR40KI3-Work-From-Home-Data-Entry-Assistant-gasmGIRL-Riyadh-Saudi-Arabia,"Riyadh, Saudi Arabia ",Confidential,"['microsoft office', 'administration', 'information technology (it)', 'computer science', 'data entry', 'communication skills', 'management', 'market research', 'software', 'communication', 'research', 'quality']",gasmGIRL
Work From Home Data Entry Assistant,https://wuzzuf.net/jobs/p/g/nW5KqB26feqi-Work-From-Home-Data-Entry-Assistant-The-Sensitive-Epicure-Riyadh-Saudi-Arabia,"Riyadh, Saudi Arabia ",Confidential,"['microsoft office', 'administration', 'information technology (it)', 'computer science', 'data entry', 'communication skills', 'management', 'market research', 'software', 'communication', 'research', 'quality']",The Sensitive Epicure
Fully Remote Data Entry Role – Part Time,https://wuzzuf.net/jobs/p/g/lMA1Zd2fdORl-Fully-Remote-Data-Entry-Role-–-Part-Time-The-Sensitive-Epicure-Riyadh-Saudi-Arabia,"Riyadh, Saudi Arabia ",Confidential,"['computer science', 'information technology (it)', 'computer engineering', 'project management', 'software', 'microsoft office', 'management', 'data entry', 'communication skills', 'market', 'market research', 'quality']",The Sensitive Epicure
Remote - Data Entry Jobs (Part/Full Time),https://wuzzuf.net/jobs/p/g/siD5AFEO2TVq-Remote---Data-Entry-Jobs-PartFull-Time-Silver-Champion-d-o-o-Sarajevo-Riyadh-Saudi-Arabia,"Riyadh, Saudi Arabia ",Confidential,"['Information Technology (IT)', 'Computer Science', 'Software Development', 'Engineering', 'Installation', 'Software Engineering', 'Computer Engineering', 'Customer Service', 'Marketing', 'English', 'Customer Support', 'DNS', 'Agile', 'CSS', 'Git', 'KVM', 'Microsoft Office', 'SQL', 'Social Media', 'XEN']",Silver Champion d.o.o. Sarajevo
Data Analyst-,https://wuzzuf.net/jobs/p/g/BaFkaxBsxMzI-Data-Analyst--PayTech-Group-Dubai-United-Arab-Emirates,"Dubai, United Arab Emirates ",Confidential,"['Data Analysis', 'Analysis', 'Computer Science', 'Information Technology (IT)', 'SQL', 'Microsoft Office', 'Microsoft Excel', 'Data Analyst', 'Research', 'Business Analysis', 'Economics', 'Engineering', 'Python', 'Computer Skills', 'Data', 'English', 'Tableau', 'Commerce', 'Finance', 'Statistics']",PayTech Group
Work-From-Home Data Entry Positions,https://wuzzuf.net/jobs/p/g/ETkSjzoytdcC-Work-From-Home-Data-Entry-Positions-Charlotte-PA-Dubai-United-Arab-Emirates,"Dubai, United Arab Emirates ",Confidential,"['microsoft office', 'information technology (it)', 'sales', 'computer science', 'data entry', 'communication skills', 'management', 'software', 'communication', 'database', 'data', 'remote']",Charlotte PA
Remote - Data Entry Jobs (Part/Full Time),https://wuzzuf.net/jobs/p/g/uld9BuHTSsN2-Remote---Data-Entry-Jobs-PartFull-Time-AllWebsites-be-Riyadh-Saudi-Arabia,"Riyadh, Saudi Arabia ",Confidential,"['Information Technology (IT)', 'Computer Science', 'Software Development', 'Engineering', 'Installation', 'Software Engineering', 'Computer Engineering', 'Customer Service', 'Marketing', 'English', 'Customer Support', 'DNS', 'Agile', 'CSS', 'Git', 'KVM', 'Microsoft Office', 'SQL', 'Social Media', 'XEN']",AllWebsites.be
Work From Home Data Entry Assistant,https://wuzzuf.net/jobs/p/g/DYIKviwdVYok-Work-From-Home-Data-Entry-Assistant-3Vistas-Comunicação-Riyadh-Saudi-Arabia,"Riyadh, Saudi Arabia ",Confidential,"['microsoft office', 'administration', 'information technology (it)', 'computer science', 'data entry', 'communication skills', 'social media', 'management', 'media', 'maintenance', 'communication', 'typing']",3Vistas Comunicação
Data Entry Role – Fully Remote,https://wuzzuf.net/jobs/p/g/2jFtQs9GvIua-Data-Entry-Role-–-Fully-Remote-Nederlandse-WingTsun-Organisatie-Riyadh-Saudi-Arabia,"Riyadh, Saudi Arabia ",Confidential,"['computer science', 'information technology (it)', 'computer engineering', 'customer service', 'management', 'data entry', 'communication skills', 'ms office', 'communication', 'computer', 'excel', 'skills']",Nederlandse WingTsun Organisatie
Work From Home Data Entry Assistant,https://wuzzuf.net/jobs/p/g/GGENpA2zmGe1-Work-From-Home-Data-Entry-Assistant-Portland-Flag-Football-Dubai-United-Arab-Emirates,"Dubai, United Arab Emirates ",Confidential,"['microsoft office', 'administration', 'information technology (it)', 'computer science', 'data entry', 'communication skills', 'social media', 'management', 'media', 'maintenance', 'communication', 'typing']",Portland Flag Football
Work From Home Data Entry Assistant,https://wuzzuf.net/jobs/p/g/Aa5w90DGewJA-Work-From-Home-Data-Entry-Assistant-Invirament-Internet-Marketing-Company-Riyadh-Saudi-Arabia,"Riyadh, Saudi Arabia ",NOT FOUND,,Invirament Internet Marketing Company
Remote - Data Entry Jobs (Part/Full Time),https://wuzzuf.net/jobs/p/g/Bc1DGeq5NNCE-Remote---Data-Entry-Jobs-PartFull-Time-The-Sensitive-Epicure-Riyadh-Saudi-Arabia,"Riyadh, Saudi Arabia ",NOT FOUND,,The Sensitive Epicure
"Deputy Manager, Hosting and Data Security",https://wuzzuf.net/jobs/p/g/fxOtNS4qFkq7-Deputy-Manager-Hosting-and-Data-Security-ALSAYER-Holding-Kuwait-City-Kuwait,"Kuwait City, Kuwait ",NOT FOUND,,ALSAYER Holding
Senior Solutions Architect (Server/Datacenter) - Saudi Arabia,https://wuzzuf.net/jobs/p/g/iyRkFKOmzAng-Senior-Solutions-Architect-ServerDatacenter---Saudi-Arabia-AMD-Dubai-United-Arab-Emirates,"Dubai, United Arab Emirates ",Confidential,"['Engineering', 'Information Technology (IT)', 'Computer Science', 'Architecture', 'AutoCAD', 'Design', 'Software Development', 'Software Engineering', 'Computer Engineering', 'Adobe Photoshop', 'Telecommunication', 'Revit', 'Solution Architecture', 'Software', 'SQL', 'Java', 'Microsoft Office', 'Sales', 'Architecture Engineering', 'Azure']",AMD
Solutions Architect (Server/Datacenter) - Saudi Arabia,https://wuzzuf.net/jobs/p/g/kqLsnBG7NsqU-Solutions-Architect-ServerDatacenter---Saudi-Arabia-AMD-Dubai-United-Arab-Emirates,"Dubai, United Arab Emirates ",Confidential,"['Information Technology (IT)', 'Computer Science', 'Engineering', 'Computer Engineering', 'Software Engineering', 'Software Development', 'Solution Architecture', 'Solution Architect', 'Java', 'SQL', 'Azure', 'Software', 'AWS', 'Cloud', 'Telecommunication', 'Linux', 'Software Architecture', 'Architecture', 'JavaScript', 'Agile']",AMD
